{
	"folders": {},
	"connections": {
		"microsoft-17269d8562d-77c7b1ab8c01eebf": {
			"provider": "sqlserver",
			"driver": "microsoft",
			"name": "SQL Server - mproto",
			"save-password": true,
			"show-system-objects": true,
			"read-only": false,
			"configuration": {
				"host": "LAPTOP-PBV49K8T",
				"port": "1433",
				"database": "mproto",
				"url": "jdbc:sqlserver://;serverName=LAPTOP-PBV49K8T;databaseName=mproto",
				"type": "dev",
				"properties": {
					"trustServerCertificate": "true"
				},
				"provider-properties": {
					"@dbeaver-authentication@": "WINDOWS_INTEGRATED",
					"@dbeaver-show-all-schemas@": "false"
				},
				"handlers": {}
			}
		}
	},
	"connection-types": {
		"dev": {
			"name": "Development",
			"color": "255,255,255",
			"description": "Regular development database",
			"auto-commit": true,
			"confirm-execute": false,
			"confirm-data-change": false
		}
	}
}